exp-002-recommended-highlights,2016-07-27
exp-002-recommended-highlights,2016-07-28
exp-002-recommended-highlights,2016-07-29
exp-002-recommended-highlights,2016-07-30
exp-002-recommended-highlights,2016-07-31
exp-002-recommended-highlights,2016-08-01
exp-002-recommended-highlights,2016-08-02
exp-002-recommended-highlights,2016-08-03
exp-002-recommended-highlights,2016-08-04
exp-002-recommended-highlights,2016-08-05
exp-002-recommended-highlights,2016-08-06
exp-002-recommended-highlights,2016-08-07
exp-002-recommended-highlights,2016-08-08
exp-002-recommended-highlights,2016-08-09
exp-002-recommended-highlights,2016-08-10
exp-002-recommended-highlights,2016-08-11
exp-002-recommended-highlights,2016-08-12
exp-002-recommended-highlights,2016-08-13
exp-002-recommended-highlights,2016-08-14
exp-002-recommended-highlights,2016-08-15
exp-002-recommended-highlights,2016-08-16
exp-002-recommended-highlights,2016-08-17
exp-002-recommended-highlights,2016-08-18
exp-002-recommended-highlights,2016-08-19
exp-002-recommended-highlights,2016-08-20
exp-002-recommended-highlights,2016-08-21
exp-002-recommended-highlights,2016-08-22
exp-002-recommended-highlights,2016-08-23
exp-002-recommended-highlights,2016-08-24
exp-002-recommended-highlights,2016-08-25
exp-002-recommended-highlights,2016-08-26
exp-002-recommended-highlights,2016-08-27
exp-002-recommended-highlights,2016-08-28
exp-002-recommended-highlights,2016-08-29
exp-002-recommended-highlights,2016-08-30
exp-002-recommended-highlights,2016-08-31
exp-002-recommended-highlights,2016-09-01
exp-002-recommended-highlights,2016-09-02
exp-002-recommended-highlights,2016-09-03
exp-002-recommended-highlights,2016-09-04
exp-002-recommended-highlights,2016-09-05
exp-002-recommended-highlights,2016-09-06
exp-002-recommended-highlights,2016-09-07
exp-002-recommended-highlights,2016-09-08
exp-002-recommended-highlights,2016-09-09
exp-002-recommended-highlights,2016-09-10
exp-002-recommended-highlights,2016-09-11
exp-002-recommended-highlights,2016-09-12
exp-002-recommended-highlights,2016-09-13
exp-002-recommended-highlights,2016-09-14
exp-002-recommended-highlights,2016-09-15
exp-002-recommended-highlights,2016-09-16
exp-002-recommended-highlights,2016-09-17
exp-002-recommended-highlights,2016-09-18
exp-002-recommended-highlights,2016-09-19
exp-002-recommended-highlights,2016-09-20
exp-002-recommended-highlights,2016-09-21
exp-002-recommended-highlights,2016-09-22
exp-003-weighted-highlights,2016-10-19
exp-003-weighted-highlights,2016-10-20
exp-003-weighted-highlights,2016-10-21
exp-003-weighted-highlights,2016-10-22
exp-003-weighted-highlights,2016-10-23
exp-003-weighted-highlights,2016-10-24
exp-003-weighted-highlights,2016-10-25
exp-003-weighted-highlights,2016-10-26
exp-003-weighted-highlights,2016-10-27
exp-003-weighted-highlights,2016-10-28
exp-003-weighted-highlights,2016-10-29
exp-003-weighted-highlights,2016-10-30
exp-003-weighted-highlights,2016-10-31
exp-003-weighted-highlights,2016-11-01
exp-003-weighted-highlights,2016-11-02
exp-003-weighted-highlights,2016-11-03
exp-003-weighted-highlights,2016-11-04
exp-003-weighted-highlights,2016-11-05
exp-003-weighted-highlights,2016-11-06
exp-003-weighted-highlights,2016-11-07
exp-003-weighted-highlights,2016-11-08
exp-004-local-metadata,2016-10-19
exp-004-local-metadata,2016-10-20
exp-004-local-metadata,2016-10-21
exp-004-local-metadata,2016-10-22
exp-004-local-metadata,2016-10-23
exp-004-local-metadata,2016-10-24
exp-004-local-metadata,2016-10-25
exp-004-local-metadata,2016-10-26
exp-004-local-metadata,2016-10-27
exp-004-local-metadata,2016-10-28
exp-004-local-metadata,2016-10-29
exp-004-local-metadata,2016-10-30
exp-004-local-metadata,2016-10-31
exp-004-local-metadata,2016-11-01
exp-004-local-metadata,2016-11-02
exp-004-local-metadata,2016-11-03
exp-004-local-metadata,2016-11-04
exp-004-local-metadata,2016-11-05
exp-004-local-metadata,2016-11-06
exp-004-local-metadata,2016-11-07
exp-004-local-metadata,2016-11-08
exp-004-local-metadata,2016-11-09
exp-004-local-metadata,2016-11-10
exp-004-local-metadata,2016-11-11
exp-004-local-metadata,2016-11-12
exp-004-local-metadata,2016-11-13
exp-004-local-metadata,2016-11-14
exp-004-local-metadata,2016-11-15
exp-004-local-metadata,2016-11-16
exp-004-local-metadata,2016-11-17
exp-004-local-metadata,2016-11-18
exp-004-local-metadata,2016-11-19
exp-004-local-metadata,2016-11-20
exp-004-local-metadata,2016-11-21
exp-004-local-metadata,2016-11-22
exp-004-local-metadata,2016-11-23
exp-004-local-metadata,2016-11-24
exp-004-local-metadata,2016-11-25
exp-004-local-metadata,2016-11-26
exp-004-local-metadata,2016-11-27
exp-004-local-metadata,2016-11-28
exp-004-local-metadata,2016-11-29
exp-004-local-metadata,2016-11-30
exp-004-local-metadata,2016-12-01
exp-004-local-metadata,2016-12-02
exp-004-local-metadata,2016-12-03
exp-004-local-metadata,2016-12-04
exp-004-local-metadata,2016-12-05
exp-004-local-metadata,2016-12-06
exp-004-local-metadata,2016-12-07
exp-004-local-metadata,2016-12-08
exp-004-local-metadata,2016-12-09
exp-004-local-metadata,2016-12-10
exp-004-local-metadata,2016-12-11
exp-004-local-metadata,2016-12-12
exp-004-local-metadata,2016-12-13
exp-004-local-metadata,2016-12-14
exp-004-local-metadata,2016-12-15
exp-004-local-metadata,2016-12-16
exp-004-local-metadata,2016-12-17
exp-004-local-metadata,2016-12-18
exp-004-local-metadata,2016-12-19
exp-004-local-metadata,2016-12-20
exp-004-local-metadata,2016-12-21
exp-004-local-metadata,2016-12-22
exp-004-local-metadata,2016-12-23
exp-004-local-metadata,2016-12-24
exp-004-local-metadata,2016-12-25
exp-004-local-metadata,2016-12-26
exp-004-local-metadata,2016-12-27
exp-004-local-metadata,2016-12-28
exp-004-local-metadata,2016-12-29
exp-004-local-metadata,2016-12-30
exp-004-local-metadata,2016-12-31
exp-004-local-metadata,2017-01-01
exp-004-local-metadata,2017-01-02
exp-004-local-metadata,2017-01-03
exp-004-local-metadata,2017-01-04
exp-004-local-metadata,2017-01-05
exp-004-local-metadata,2017-01-06
exp-004-local-metadata,2017-01-07
exp-004-local-metadata,2017-01-08
exp-004-local-metadata,2017-01-09
exp-004-local-metadata,2017-01-10
exp-004-local-metadata,2017-01-11
exp-004-local-metadata,2017-01-12
exp-004-local-metadata,2017-01-13
exp-004-local-metadata,2017-01-14
exp-004-local-metadata,2017-01-15
exp-004-local-metadata,2017-01-16
exp-004-local-metadata,2017-01-17
exp-004-local-metadata,2017-01-18
exp-005-metadata-service,2016-11-08
exp-005-metadata-service,2016-11-09
exp-005-metadata-service,2016-11-10
exp-005-metadata-service,2016-11-11
exp-005-metadata-service,2016-11-12
exp-005-metadata-service,2016-11-13
exp-005-metadata-service,2016-11-14
exp-005-metadata-service,2016-11-15
exp-005-metadata-service,2016-11-16
exp-005-metadata-service,2016-11-17
exp-005-metadata-service,2016-11-18
exp-005-metadata-service,2016-11-19
exp-005-metadata-service,2016-11-20
exp-005-metadata-service,2016-11-21
exp-005-metadata-service,2016-11-22
exp-005-metadata-service,2016-11-23
exp-005-metadata-service,2016-11-24
exp-005-metadata-service,2016-11-25
exp-005-metadata-service,2016-11-26
exp-005-metadata-service,2016-11-27
exp-005-metadata-service,2016-11-28
exp-005-metadata-service,2016-11-29
exp-005-metadata-service,2016-11-30
exp-005-metadata-service,2016-12-01
exp-005-metadata-service,2016-12-02
exp-005-metadata-service,2016-12-03
exp-005-metadata-service,2016-12-04
exp-005-metadata-service,2016-12-05
exp-005-metadata-service,2016-12-06
exp-005-metadata-service,2016-12-07
exp-005-metadata-service,2016-12-08
exp-005-metadata-service,2016-12-09
exp-005-metadata-service,2016-12-10
exp-005-metadata-service,2016-12-11
exp-005-metadata-service,2016-12-12
exp-005-metadata-service,2016-12-13
exp-005-metadata-service,2016-12-14
exp-005-metadata-service,2016-12-15
exp-005-metadata-service,2016-12-16
exp-005-metadata-service,2016-12-17
exp-005-metadata-service,2016-12-18
exp-005-metadata-service,2016-12-19
exp-005-metadata-service,2016-12-20
exp-005-metadata-service,2016-12-21
exp-005-metadata-service,2016-12-22
exp-005-metadata-service,2016-12-23
exp-005-metadata-service,2016-12-24
exp-005-metadata-service,2016-12-25
exp-005-metadata-service,2016-12-26
exp-005-metadata-service,2016-12-27
exp-005-metadata-service,2016-12-28
exp-005-metadata-service,2016-12-29
exp-005-metadata-service,2016-12-30
exp-005-metadata-service,2016-12-31
exp-005-metadata-service,2017-01-01
exp-005-metadata-service,2017-01-02
exp-005-metadata-service,2017-01-03
exp-005-metadata-service,2017-01-04
exp-005-metadata-service,2017-01-05
exp-005-metadata-service,2017-01-06
exp-005-metadata-service,2017-01-07
exp-005-metadata-service,2017-01-08
exp-005-metadata-service,2017-01-09
exp-005-metadata-service,2017-01-10
exp-005-metadata-service,2017-01-11
exp-005-metadata-service,2017-01-12
exp-005-metadata-service,2017-01-13
exp-005-metadata-service,2017-01-14
exp-005-metadata-service,2017-01-15
exp-005-metadata-service,2017-01-16
exp-005-metadata-service,2017-01-17
exp-005-metadata-service,2017-01-18
exp-005-metadata-service,2017-01-19
exp-005-metadata-service,2017-01-20
exp-005-metadata-service,2017-01-21
exp-005-metadata-service,2017-01-22
exp-005-metadata-service,2017-01-23
exp-005-metadata-service,2017-01-24
exp-005-metadata-service,2017-01-25
exp-005-metadata-service,2017-01-26
exp-005-metadata-service,2017-01-27
exp-005-metadata-service,2017-01-28
exp-005-metadata-service,2017-01-29
exp-005-metadata-service,2017-01-30
exp-005-metadata-service,2017-01-31
exp-005-metadata-service,2017-02-01
exp-005-metadata-service,2017-02-02
exp-005-metadata-service,2017-02-03
exp-005-metadata-service,2017-02-04
exp-005-metadata-service,2017-02-05
exp-005-metadata-service,2017-02-06
exp-005-metadata-service,2017-02-07
exp-006-deduped-combined-frecency,2017-01-18
exp-006-deduped-combined-frecency,2017-01-19
exp-006-deduped-combined-frecency,2017-01-20
exp-006-deduped-combined-frecency,2017-01-21
exp-006-deduped-combined-frecency,2017-01-22
exp-006-deduped-combined-frecency,2017-01-23
exp-006-deduped-combined-frecency,2017-01-24
exp-006-deduped-combined-frecency,2017-01-25
exp-006-deduped-combined-frecency,2017-01-26
exp-006-deduped-combined-frecency,2017-01-27
exp-006-deduped-combined-frecency,2017-01-28
exp-006-deduped-combined-frecency,2017-01-29
exp-006-deduped-combined-frecency,2017-01-30
exp-006-deduped-combined-frecency,2017-01-31
exp-006-deduped-combined-frecency,2017-02-01
exp-006-deduped-combined-frecency,2017-02-02
exp-006-deduped-combined-frecency,2017-02-03
exp-006-deduped-combined-frecency,2017-02-04
exp-006-deduped-combined-frecency,2017-02-05
exp-006-deduped-combined-frecency,2017-02-06
exp-006-deduped-combined-frecency,2017-02-07
exp-006-deduped-combined-frecency,2017-02-08
exp-006-deduped-combined-frecency,2017-02-09
exp-006-deduped-combined-frecency,2017-02-10
exp-006-deduped-combined-frecency,2017-02-11
exp-006-deduped-combined-frecency,2017-02-12
exp-006-deduped-combined-frecency,2017-02-13
exp-006-deduped-combined-frecency,2017-02-14
exp-006-deduped-combined-frecency,2017-02-15
exp-006-deduped-combined-frecency,2017-02-16
exp-006-deduped-combined-frecency,2017-02-17
exp-006-deduped-combined-frecency,2017-02-18
exp-006-deduped-combined-frecency,2017-02-19
exp-006-deduped-combined-frecency,2017-02-20
exp-006-deduped-combined-frecency,2017-02-21
exp-006-deduped-combined-frecency,2017-02-22
exp-006-deduped-combined-frecency,2017-02-23
exp-006-deduped-combined-frecency,2017-02-24
exp-006-deduped-combined-frecency,2017-02-25
exp-006-deduped-combined-frecency,2017-02-26
exp-006-deduped-combined-frecency,2017-02-27
exp-006-deduped-combined-frecency,2017-02-28
exp-006-deduped-combined-frecency,2017-03-01
exp-006-deduped-combined-frecency,2017-03-02
exp-006-deduped-combined-frecency,2017-03-03
exp-006-deduped-combined-frecency,2017-03-04
exp-006-deduped-combined-frecency,2017-03-05
exp-006-deduped-combined-frecency,2017-03-06
exp-006-deduped-combined-frecency,2017-03-07
exp-006-deduped-combined-frecency,2017-03-08
exp-007-locally-fetch-metadata,2017-02-02
exp-007-locally-fetch-metadata,2017-02-03
exp-007-locally-fetch-metadata,2017-02-06
exp-007-locally-fetch-metadata,2017-02-07
exp-007-locally-fetch-metadata,2017-02-08
exp-007-locally-fetch-metadata,2017-02-09
exp-007-locally-fetch-metadata,2017-02-10
exp-007-locally-fetch-metadata,2017-02-13
exp-007-locally-fetch-metadata,2017-02-14
exp-008-original-newtab-sites,2017-02-01
exp-008-original-newtab-sites,2017-02-02
exp-008-original-newtab-sites,2017-02-03
exp-008-original-newtab-sites,2017-02-04
exp-008-original-newtab-sites,2017-02-05
exp-008-original-newtab-sites,2017-02-06
exp-008-original-newtab-sites,2017-02-07
exp-008-original-newtab-sites,2017-02-08
exp-008-original-newtab-sites,2017-02-09
exp-008-original-newtab-sites,2017-02-10
exp-008-original-newtab-sites,2017-02-11
exp-008-original-newtab-sites,2017-02-12
exp-008-original-newtab-sites,2017-02-13
exp-008-original-newtab-sites,2017-02-14
exp-008-original-newtab-sites,2017-02-15
exp-008-original-newtab-sites,2017-02-16
exp-008-original-newtab-sites,2017-02-17
exp-008-original-newtab-sites,2017-02-18
exp-008-original-newtab-sites,2017-02-19
exp-008-original-newtab-sites,2017-02-20
exp-008-original-newtab-sites,2017-02-21
exp-008-original-newtab-sites,2017-02-22
exp-008-original-newtab-sites,2017-02-23
exp-008-original-newtab-sites,2017-02-24
exp-008-original-newtab-sites,2017-02-25
exp-008-original-newtab-sites,2017-02-26
exp-008-original-newtab-sites,2017-02-27
exp-008-original-newtab-sites,2017-02-28
exp-008-original-newtab-sites,2017-03-01
exp-008-original-newtab-sites,2017-03-02
exp-008-original-newtab-sites,2017-03-03
exp-008-original-newtab-sites,2017-03-04
exp-008-original-newtab-sites,2017-03-05
exp-008-original-newtab-sites,2017-03-06
exp-008-original-newtab-sites,2017-03-07
exp-008-original-newtab-sites,2017-03-08
exp-009-screenshots,2017-02-25
exp-009-screenshots,2017-02-26
exp-009-screenshots,2017-02-27
exp-009-screenshots,2017-02-28
exp-009-screenshots,2017-03-01
exp-009-screenshots,2017-03-02
exp-009-screenshots,2017-03-03
exp-009-screenshots,2017-03-04
exp-009-screenshots,2017-03-05
exp-009-screenshots,2017-03-06
exp-009-screenshots,2017-03-07
exp-009-screenshots,2017-03-08
exp-009-screenshots,2017-03-09
exp-009-screenshots,2017-03-10
exp-009-screenshots,2017-03-11
exp-009-screenshots,2017-03-12
exp-009-screenshots,2017-03-13
exp-009-screenshots,2017-03-14
exp-009-screenshots,2017-03-15
exp-009-screenshots,2017-03-16
exp-009-screenshots,2017-03-17
exp-009-screenshots,2017-03-18
exp-009-screenshots,2017-03-19
exp-009-screenshots,2017-03-20
exp-009-screenshots,2017-03-21
exp-010-locally-fetch-metadata,2017-02-15
exp-010-locally-fetch-metadata,2017-02-16
exp-010-locally-fetch-metadata,2017-02-17
exp-010-locally-fetch-metadata,2017-02-18
exp-010-locally-fetch-metadata,2017-02-19
exp-010-locally-fetch-metadata,2017-02-20
exp-010-locally-fetch-metadata,2017-02-21
exp-010-locally-fetch-metadata,2017-02-22
exp-010-locally-fetch-metadata,2017-02-23
exp-010-locally-fetch-metadata,2017-02-24
exp-010-locally-fetch-metadata,2017-02-25
exp-010-locally-fetch-metadata,2017-02-26
exp-010-locally-fetch-metadata,2017-02-27
exp-010-locally-fetch-metadata,2017-02-28
exp-010-locally-fetch-metadata,2017-03-01
exp-010-locally-fetch-metadata,2017-03-02
exp-010-locally-fetch-metadata,2017-03-03
exp-010-locally-fetch-metadata,2017-03-04
exp-010-locally-fetch-metadata,2017-03-05
exp-010-locally-fetch-metadata,2017-03-06
exp-010-locally-fetch-metadata,2017-03-07
exp-010-locally-fetch-metadata,2017-03-08
exp-010-locally-fetch-metadata,2017-03-09
exp-010-locally-fetch-metadata,2017-03-10
exp-010-locally-fetch-metadata,2017-03-11
exp-010-locally-fetch-metadata,2017-03-12
exp-010-locally-fetch-metadata,2017-03-13
exp-010-locally-fetch-metadata,2017-03-14
exp-010-locally-fetch-metadata,2017-03-15
exp-010-locally-fetch-metadata,2017-03-16
exp-010-locally-fetch-metadata,2017-03-17
exp-010-locally-fetch-metadata,2017-03-18
exp-010-locally-fetch-metadata,2017-03-19
exp-010-locally-fetch-metadata,2017-03-20
exp-010-locally-fetch-metadata,2017-03-21
exp-012-screenshotsasync,2017-03-21
exp-012-screenshotsasync,2017-03-22
exp-012-screenshotsasync,2017-03-23
exp-012-screenshotsasync,2017-03-24
exp-012-screenshotsasync,2017-03-25
exp-012-screenshotsasync,2017-03-26
exp-012-screenshotsasync,2017-03-27
exp-012-screenshotsasync,2017-03-28
exp-012-screenshotsasync,2017-03-29
exp-012-screenshotsasync,2017-03-30
exp-012-screenshotsasync,2017-03-31
exp-012-screenshotsasync,2017-04-01
exp-012-screenshotsasync,2017-04-02
exp-012-screenshotsasync,2017-04-03
exp-012-screenshotsasync,2017-04-04
exp-012-screenshotsasync,2017-04-05
exp-012-screenshotsasync,2017-04-06
exp-013-bookmark-screenshots,2017-04-06
exp-013-bookmark-screenshots,2017-04-07
exp-013-bookmark-screenshots,2017-04-08
exp-013-bookmark-screenshots,2017-04-09
exp-013-bookmark-screenshots,2017-04-10
exp-013-bookmark-screenshots,2017-04-11
exp-013-bookmark-screenshots,2017-04-12
exp-013-bookmark-screenshots,2017-04-13
exp-013-bookmark-screenshots,2017-04-14
exp-013-bookmark-screenshots,2017-04-15
exp-013-bookmark-screenshots,2017-04-16
exp-013-bookmark-screenshots,2017-04-17
exp-013-bookmark-screenshots,2017-04-18
exp-013-bookmark-screenshots,2017-04-19
exp-013-bookmark-screenshots,2017-04-20
exp-013-bookmark-screenshots,2017-04-21
exp-013-bookmark-screenshots,2017-04-22
exp-013-bookmark-screenshots,2017-04-23
exp-013-bookmark-screenshots,2017-04-24
exp-013-bookmark-screenshots,2017-04-25
exp-013-bookmark-screenshots,2017-04-26
exp-013-bookmark-screenshots,2017-04-27
exp-013-bookmark-screenshots,2017-04-28
exp-013-bookmark-screenshots,2017-04-29
exp-013-bookmark-screenshots,2017-04-30
exp-013-bookmark-screenshots,2017-05-01
exp-013-bookmark-screenshots,2017-05-02
exp-014-screenshotsasync,2017-04-06
exp-014-screenshotsasync,2017-04-07
exp-014-screenshotsasync,2017-04-08
exp-014-screenshotsasync,2017-04-09
exp-014-screenshotsasync,2017-04-10
exp-014-screenshotsasync,2017-04-11
exp-014-screenshotsasync,2017-04-12
exp-014-screenshotsasync,2017-04-13
exp-014-screenshotsasync,2017-04-14
exp-014-screenshotsasync,2017-04-15
exp-014-screenshotsasync,2017-04-16
exp-014-screenshotsasync,2017-04-17
exp-014-screenshotsasync,2017-04-18
exp-015-metadatalongcache,2017-04-06
exp-015-metadatalongcache,2017-04-07
exp-015-metadatalongcache,2017-04-08
exp-015-metadatalongcache,2017-04-09
exp-015-metadatalongcache,2017-04-10
exp-015-metadatalongcache,2017-04-11
exp-015-metadatalongcache,2017-04-12
exp-015-metadatalongcache,2017-04-13
exp-015-metadatalongcache,2017-04-14
exp-015-metadatalongcache,2017-04-15
exp-015-metadatalongcache,2017-04-16
exp-015-metadatalongcache,2017-04-17
exp-015-metadatalongcache,2017-04-18
exp-015-metadatalongcache,2017-04-19
exp-015-metadatalongcache,2017-04-20
exp-015-metadatalongcache,2017-04-21
exp-015-metadatalongcache,2017-04-22
exp-015-metadatalongcache,2017-04-23
exp-015-metadatalongcache,2017-04-24
exp-015-metadatalongcache,2017-04-25
exp-015-metadatalongcache,2017-04-26
exp-015-metadatalongcache,2017-04-27
exp-015-metadatalongcache,2017-04-28
exp-015-metadatalongcache,2017-04-29
exp-015-metadatalongcache,2017-04-30
exp-015-metadatalongcache,2017-05-01
exp-015-metadatalongcache,2017-05-02
exp-017-pocketstories,2017-05-02
exp-017-pocketstories,2017-05-03
exp-018-metadata-no-service,2017-05-02
exp-018-metadata-no-service,2017-05-03
exp-018-metadata-no-service,2017-05-04
exp-018-metadata-no-service,2017-05-05
exp-018-metadata-no-service,2017-05-06
exp-018-metadata-no-service,2017-05-07
exp-018-metadata-no-service,2017-05-08
exp-018-metadata-no-service,2017-05-09
exp-018-metadata-no-service,2017-05-10
exp-018-metadata-no-service,2017-05-11
exp-018-metadata-no-service,2017-05-12
exp-018-metadata-no-service,2017-05-13
exp-018-metadata-no-service,2017-05-14
exp-018-metadata-no-service,2017-05-15
exp-018-metadata-no-service,2017-05-16
exp-018-metadata-no-service,2017-05-17
exp-018-metadata-no-service,2017-05-18
exp-018-metadata-no-service,2017-05-19
exp-018-metadata-no-service,2017-05-20
exp-018-metadata-no-service,2017-05-21
exp-018-metadata-no-service,2017-05-22
exp-018-metadata-no-service,2017-05-23
exp-018-metadata-no-service,2017-05-24
exp-018-metadata-no-service,2017-05-25
exp-018-metadata-no-service,2017-05-26
exp-018-metadata-no-service,2017-05-27
exp-018-metadata-no-service,2017-05-28
exp-018-metadata-no-service,2017-05-29
exp-018-metadata-no-service,2017-05-30
exp-018-metadata-no-service,2017-05-31
exp-018-metadata-no-service,2017-06-01
exp-018-metadata-no-service,2017-06-02
exp-018-metadata-no-service,2017-06-03
exp-018-metadata-no-service,2017-06-04
exp-018-metadata-no-service,2017-06-05
exp-018-metadata-no-service,2017-06-06
exp-018-metadata-no-service,2017-06-07
exp-018-metadata-no-service,2017-06-08
exp-018-metadata-no-service,2017-06-09
exp-018-metadata-no-service,2017-06-10
exp-018-metadata-no-service,2017-06-11
exp-018-metadata-no-service,2017-06-12
exp-018-metadata-no-service,2017-06-13
exp-019-metadata-local-refresh,2017-05-02
exp-019-metadata-local-refresh,2017-05-03
exp-019-metadata-local-refresh,2017-05-04
exp-019-metadata-local-refresh,2017-05-05
exp-019-metadata-local-refresh,2017-05-06
exp-019-metadata-local-refresh,2017-05-07
exp-019-metadata-local-refresh,2017-05-08
exp-019-metadata-local-refresh,2017-05-09
exp-019-metadata-local-refresh,2017-05-10
exp-019-metadata-local-refresh,2017-05-11
exp-019-metadata-local-refresh,2017-05-12
exp-019-metadata-local-refresh,2017-05-13
exp-019-metadata-local-refresh,2017-05-14
exp-019-metadata-local-refresh,2017-05-15
exp-019-metadata-local-refresh,2017-05-16
exp-019-metadata-local-refresh,2017-05-17
exp-019-metadata-local-refresh,2017-05-18
exp-019-metadata-local-refresh,2017-05-19
exp-019-metadata-local-refresh,2017-05-20
exp-019-metadata-local-refresh,2017-05-21
exp-019-metadata-local-refresh,2017-05-22
exp-019-metadata-local-refresh,2017-05-23
exp-019-metadata-local-refresh,2017-05-24
exp-019-metadata-local-refresh,2017-05-25
exp-019-metadata-local-refresh,2017-05-26
exp-019-metadata-local-refresh,2017-05-27
exp-019-metadata-local-refresh,2017-05-28
exp-019-metadata-local-refresh,2017-05-29
exp-019-metadata-local-refresh,2017-05-30
exp-019-metadata-local-refresh,2017-05-31
exp-019-metadata-local-refresh,2017-06-01
exp-019-metadata-local-refresh,2017-06-02
exp-019-metadata-local-refresh,2017-06-03
exp-019-metadata-local-refresh,2017-06-04
exp-019-metadata-local-refresh,2017-06-05
exp-019-metadata-local-refresh,2017-06-06
exp-019-metadata-local-refresh,2017-06-07
exp-019-metadata-local-refresh,2017-06-08
exp-019-metadata-local-refresh,2017-06-09
exp-019-metadata-local-refresh,2017-06-10
exp-019-metadata-local-refresh,2017-06-11
exp-019-metadata-local-refresh,2017-06-12
exp-019-metadata-local-refresh,2017-06-13
exp-021-pocketstories,2017-05-03
exp-021-pocketstories,2017-05-04
exp-021-pocketstories,2017-05-05
exp-021-pocketstories,2017-05-06
exp-021-pocketstories,2017-05-07
exp-021-pocketstories,2017-05-08
exp-021-pocketstories,2017-05-09
exp-021-pocketstories,2017-05-10
exp-021-pocketstories,2017-05-11
exp-021-pocketstories,2017-05-12
exp-021-pocketstories,2017-05-13
exp-021-pocketstories,2017-05-14
exp-021-pocketstories,2017-05-15
exp-021-pocketstories,2017-05-16
exp-021-pocketstories,2017-05-17
exp-021-pocketstories,2017-05-18
exp-021-pocketstories,2017-05-19
exp-021-pocketstories,2017-05-20
exp-021-pocketstories,2017-05-21
exp-021-pocketstories,2017-05-22
exp-021-pocketstories,2017-05-23
exp-021-pocketstories,2017-05-24
exp-021-pocketstories,2017-05-25
exp-021-pocketstories,2017-05-26
exp-021-pocketstories,2017-05-27
exp-021-pocketstories,2017-05-28
exp-021-pocketstories,2017-05-29
exp-021-pocketstories,2017-05-30
exp-021-pocketstories,2017-05-31
exp-021-pocketstories,2017-06-01
exp-021-pocketstories,2017-06-02
exp-021-pocketstories,2017-06-03
exp-021-pocketstories,2017-06-04
exp-021-pocketstories,2017-06-05
exp-021-pocketstories,2017-06-06
exp-021-pocketstories,2017-06-07
exp-021-pocketstories,2017-06-08
exp-021-pocketstories,2017-06-09
exp-021-pocketstories,2017-06-10
exp-021-pocketstories,2017-06-11
exp-021-pocketstories,2017-06-12
exp-021-pocketstories,2017-06-13
exp-20-topsites-tworows,2017-05-16
exp-20-topsites-tworows,2017-05-17
exp-20-topsites-tworows,2017-05-18
exp-20-topsites-tworows,2017-05-19
exp-20-topsites-tworows,2017-05-20
exp-20-topsites-tworows,2017-05-21
exp-20-topsites-tworows,2017-05-22
exp-20-topsites-tworows,2017-05-23
exp-20-topsites-tworows,2017-05-24
exp-20-topsites-tworows,2017-05-25
exp-20-topsites-tworows,2017-05-26
exp-20-topsites-tworows,2017-05-27
exp-20-topsites-tworows,2017-05-28
exp-20-topsites-tworows,2017-05-29
exp-20-topsites-tworows,2017-05-30
exp-20-topsites-tworows,2017-05-31
exp-20-topsites-tworows,2017-06-01
exp-20-topsites-tworows,2017-06-02
exp-20-topsites-tworows,2017-06-03
exp-20-topsites-tworows,2017-06-04
exp-20-topsites-tworows,2017-06-05
exp-20-topsites-tworows,2017-06-06
exp-20-topsites-tworows,2017-06-07
exp-20-topsites-tworows,2017-06-08
exp-20-topsites-tworows,2017-06-09
exp-20-topsites-tworows,2017-06-10
exp-20-topsites-tworows,2017-06-11
exp-20-topsites-tworows,2017-06-12
exp-20-topsites-tworows,2017-06-13
exp-20-topsites-tworows,2017-06-14
exp-20-topsites-tworows,2017-06-15
exp-20-topsites-tworows,2017-06-16
exp-20-topsites-tworows,2017-06-17
exp-20-topsites-tworows,2017-06-18
exp-20-topsites-tworows,2017-06-19
exp-20-topsites-tworows,2017-06-20
exp-20-topsites-tworows,2017-06-21
exp-20-topsites-tworows,2017-06-22
exp-20-topsites-tworows,2017-06-23
exp-20-topsites-tworows,2017-06-24
exp-20-topsites-tworows,2017-06-25
exp-20-topsites-tworows,2017-06-26
