exp-001-delete-menu,1.1.0
exp-002-recommended-highlights,1.1.0
exp-002-recommended-highlights,1.1.1
exp-002-recommended-highlights,1.1.2
exp-002-recommended-highlights,1.1.3
exp-002-recommended-highlights,1.9.0
exp-003-weighted-highlights,1.1.4
exp-003-weighted-highlights,1.1.5
exp-004-local-metadata,1.1.4
exp-004-local-metadata,1.1.5
exp-004-local-metadata,1.1.6
exp-004-local-metadata,1.1.7
exp-004-local-metadata,1.1.8
exp-004-local-metadata,1.1.9
exp-005-metadata-service,1.1.4
exp-005-metadata-service,1.1.5
exp-005-metadata-service,1.1.6
exp-005-metadata-service,1.1.7
exp-005-metadata-service,1.1.8
exp-005-metadata-service,1.1.9
exp-005-metadata-service,1.2.0
exp-005-metadata-service,1.3.0
exp-006-deduped-combined-frecency,1.1.8
exp-006-deduped-combined-frecency,1.1.9
exp-006-deduped-combined-frecency,1.2.0
exp-006-deduped-combined-frecency,1.3.0
exp-006-deduped-combined-frecency,1.4.0
exp-006-deduped-combined-frecency,1.4.1
exp-007-locally-fetch-metadata,1.2.0
exp-007-locally-fetch-metadata,1.3.0
exp-007-locally-fetch-metadata,1.4.0
exp-008-original-newtab-sites,1.2.0
exp-008-original-newtab-sites,1.3.0
exp-008-original-newtab-sites,1.4.0
exp-008-original-newtab-sites,1.4.1
exp-009-screenshots,1.3.0
exp-009-screenshots,1.4.0
exp-009-screenshots,1.5.0
exp-009-screenshots,1.6.0
exp-010-locally-fetch-metadata,1.4.0
exp-010-locally-fetch-metadata,1.4.1
exp-010-locally-fetch-metadata,1.5.0
exp-010-locally-fetch-metadata,1.6.0
exp-011-newtab-prefs,1.8.0
exp-012-screenshotsasync,1.7.0
exp-013-bookmark-screenshots,1.8.0
exp-013-bookmark-screenshots,1.9.0
exp-014-screenshotsasync,1.8.0
exp-015-metadatalongcache,1.8.0
exp-015-metadatalongcache,1.9.0
exp-016-newtab-prefs,1.9.0
exp-017-pocketstories,1.10.0
exp-017-pocketstories,1.9.0
exp-018-metadata-no-service,1.10.0
exp-018-metadata-no-service,1.10.1
exp-018-metadata-no-service,1.11.0
exp-018-metadata-no-service,1.12.0
exp-018-metadata-no-service,1.12.1
exp-019-metadata-local-refresh,1.10.0
exp-019-metadata-local-refresh,1.10.1
exp-019-metadata-local-refresh,1.11.0
exp-019-metadata-local-refresh,1.12.0
exp-019-metadata-local-refresh,1.12.1
exp-021-pocketstories,1.10.1
exp-021-pocketstories,1.11.0
exp-021-pocketstories,1.12.0
exp-021-pocketstories,1.12.1
exp-20-topsites-tworows,1.10.1
exp-20-topsites-tworows,1.11.0
exp-20-topsites-tworows,1.12.0
exp-20-topsites-tworows,1.12.1
exp-20-topsites-tworows,1.13.0
exp-preload-html,1.1.6-htmlrender
